id,username
6,thung sagur
7,bombardirocrocodilo
1,skittle
8,alice
10,bob
11,charlie
12,david
13,eva
14,frank
38,diego
37,cindy
35,anna
36,brian
38,diego
37,cindy
35,anna
36,brian
38,diego
37,cindy
35,anna
36,brian
38,diego
37,cindy
35,anna
36,brian
38,diego
37,cindy
35,anna
36,brian
38,diego
37,cindy
35,anna
36,brian
38,diego
37,cindy
35,anna
36,brian
38,diego
37,cindy
35,anna
36,brian
38,diego
37,cindy
35,anna
36,brian
38,diego
37,cindy
35,anna
36,brian
38,diego
37,cindy
35,anna
36,brian
38,diego
37,cindy
35,anna
36,brian
38,diego
37,cindy
35,anna
36,brian
38,diego
37,cindy
35,anna
36,brian
38,diego
37,cindy
35,anna
36,brian
38,diego
37,cindy
35,anna
36,brian
38,diego
37,cindy
35,anna
36,brian
38,diego
37,cindy
35,anna
36,brian
38,diego
37,cindy
35,anna
36,brian
38,diego
37,cindy
35,anna
36,brian
38,diego
37,cindy
35,anna
36,brian
38,diego
37,cindy
35,anna
36,brian
38,diego
37,cindy
35,anna
36,brian
38,diego
37,cindy
35,anna
36,brian
38,diego
37,cindy
35,anna
36,brian
38,diego
37,cindy
35,anna
36,brian
38,diego
37,cindy
35,anna
36,brian
38,diego
37,cindy
35,anna
36,brian
38,diego
37,cindy
35,anna
36,brian
38,diego
37,cindy
35,anna
36,brian
38,diego
37,cindy
35,anna
36,brian
38,diego
37,cindy
35,anna
36,brian
38,diego
37,cindy
35,anna
36,brian
38,diego
37,cindy
35,anna
36,brian
38,diego
37,cindy
35,anna
36,brian
38,diego
37,cindy
35,anna
36,brian
38,diego
37,cindy
35,anna
36,brian
38,diego
37,cindy
35,anna
36,brian
38,diego
37,cindy
35,anna
36,brian
38,diego
37,cindy
35,anna
36,brian
38,diego
37,cindy
35,anna
36,brian
38,diego
37,cindy
35,anna
36,brian
38,diego
37,cindy
35,anna
36,brian
38,diego
37,cindy
35,anna
36,brian
38,diego
37,cindy
35,anna
36,brian
38,diego
37,cindy
35,anna
36,brian
38,diego
37,cindy
35,anna
36,brian
38,diego
37,cindy
35,anna
36,brian
38,diego
37,cindy
35,anna
36,brian
38,diego
37,cindy
35,anna
36,brian
38,diego
37,cindy
35,anna
36,brian
38,diego
37,cindy
35,anna
36,brian
38,diego
37,cindy
35,anna
36,brian
38,diego
37,cindy
35,anna
36,brian
38,diego
37,cindy
35,anna
36,brian
38,diego
37,cindy
35,anna
36,brian
38,diego
37,cindy
35,anna
36,brian
38,diego
37,cindy
35,anna
36,brian
38,diego
37,cindy
35,anna
36,brian
38,diego
37,cindy
35,anna
36,brian
38,diego
37,cindy
35,anna
36,brian
38,diego
37,cindy
35,anna
36,brian
38,diego
37,cindy
35,anna
36,brian
38,diego
37,cindy
35,anna
36,brian
38,diego
37,cindy
35,anna
36,brian
38,diego
37,cindy
35,anna
36,brian
38,diego
37,cindy
35,anna
36,brian
38,diego
37,cindy
35,anna
36,brian
38,diego
37,cindy
35,anna
36,brian
38,diego
37,cindy
35,anna
36,brian
38,diego
37,cindy
35,anna
36,brian
38,diego
37,cindy
35,anna
36,brian
38,diego
37,cindy
35,anna
36,brian
